"Export Country",total_revenue,total_profit
Denmark,1831246092.8400002,368834839.0099999
Italy,1962586623.2000008,359451824.29000014
France,1805863662.7999995,351139111.12999994
Austria,1530520956.6399999,335468827.94000006
Switzerland,1663789719.9299996,330684287.16999996
Belgium,1605706575.0699997,325684381.9499999
Sweden,1497262525.7900002,312860434.4299998
Spain,1489988920.1499996,307065373.96000004
Netherlands,1534358434.5100005,306437070.95000005
Germany,1396340967.6399996,290823004.56
