"product name",total_revenue,total_profit,profit_margin_percent
Sesame,2268607546.7099996,477487002.58999985,21.05
Cocoa,2384888721.15,450351412.32,18.88
Cashew,2110678804.05,438624304.4800001,20.78
Cassava,1913308279.39,416503461.03999996,21.77
Rubber,2118009970.5800002,395731339.02000004,18.68
Plantain,1947169761.0999994,387736296.23,19.91
"Palm Oil",1974585531.9299998,385392110.74,19.52
Ginger,1600415863.6600008,336623228.9700001,21.03
